"","Reservoir","W.Bias","cat","brCpU","gat","NonBrGpG","G.Bias","ttg","ApA","UpC","brGpA","GpC","aac","tgg","CTG.Bias","cca","CTA.Bias","NonBrUpC","Q.Bias","ggc","AGC.Bias","NonBrUpA","NonBrApG","CGA.Bias","aag","ggt","NonBrCpG","agc","NonBrCpA","GGA.Bias","M.Bias","GCA.Bias","NonBrGpC","CpG","tga","E.Bias","aca","P.Bias","ctc","brGpC","AGT.Bias","K.Bias","tcg","NonBrUpU","brApU","C.Bias","ATA.Bias","tac","ApU","brGpU","L.Bias","Artiodactyl","Carnivore","Fish","Galloanserae","Insect","Neoaves","Plant","Primate","Pterobat","Rodent","Vespbat"
"1","Primate",0.0199818346957312,0.133237006880489,0.974884275093645,0.138788548833843,1.26789615404156,0.0762942779291553,0.182090576070002,1.10988839638746,1.01802239109932,0.857638866869177,0.860221938158002,0.156553483084575,0.190973043195368,0.119170984455959,0.184311192851344,0.0725388601036269,1.15545372881649,0.0381471389645777,0.091045288035001,0.0621468926553672,0.491642009165374,0.798461727033156,0.0533333333333333,0.138788548833843,0.122133922973782,0.288936811117957,0.0899349796443303,1.15506819203677,0.220238095238095,0.0186194368755677,0.346938775510204,0.933810273613108,0.382631186778072,0.173208108944636,0.0431425976385105,0.17875965089799,0.0644868301544051,0.141009165615184,0.660379025021022,0.141242937853107,0.05858310626703,0.034483715879807,1.1393370190628,0.710888408461803,0.016802906448683,0.293103448275862,0.0921555964256718,0.932627865790605,0.73220558087304,0.0876475930971844,0.398355571993513,0.194363993285726,0,0,0,0,0,0.212034481777575,0,0.195245952943185,0
"2","Neoaves",0.0110317975340688,0.133564738329835,0.973231834692049,0.119180843432775,0.82346374202477,0.0587280986372485,0.122605580313028,0.973974135356062,0.921258917939996,0.879803806816598,1.01880974283585,0.139729264714288,0.140414212090339,0.321739130434783,0.145893791098742,0.130434782608696,0.977292755551398,0.0343932511356262,0.119180843432775,0.202764976958525,0.707006135644854,0.92058494121072,0.0674157303370786,0.145893791098742,0.122605580313028,0.642345715061174,0.115756106552523,1.08141089866177,0.204419889502762,0.0171966255678131,0.268,1.09436677380793,0.782615096572869,0.140414212090339,0.0538611291369241,0.159592738619751,0.063270603504218,0.0835635798781529,0.787992905068633,0.175115207373272,0.054834523036989,0.0610739424407491,1.09853367853461,0.742647264978832,0.0285528877352369,0.288135593220339,0.136989475210087,0.992594229120222,0.789469637031936,0.0746268656716418,0,0,0,0,0,1,0,0,0,0,0
"3","Primate",0.0151898734177215,0.111845166738144,1.25072486956621,0.0647991839038453,1.24411284780051,0.0725738396624473,0.105631546363803,1.25813555684743,1.15184089960378,1.0756885402477,0.854065606558294,0.100305586042939,0.154452849305056,0.148471615720524,0.169543070214171,0.0305676855895196,1.30357355429524,0.0320675105485232,0.122497087379872,0.0201612903225806,0.493582848743781,0.823983181151921,0.0571428571428571,0.0523719431551627,0.110069846631189,0.483582611624638,0.0576979034760267,0.655219842221141,0.104651162790698,0.0118143459915612,0.131221719457014,1.07366853652375,0.712041213557589,0.0967549458290294,0.0253164556962025,0.0887660053477334,0.0869198312236287,0.31955761925184,0.363166013547825,0.0403225806451613,0.0248945147679325,0.100492548978789,0.870922181617396,0.385993170693103,0.0143459915611814,0.0344827586206896,0.098530265935984,0.90807641527376,0.539827971690645,0.0966244725738397,0,0.601138518815075,0,0.398861481184925,0,0,0,0,0,0,0
"4","Carnivore",0.0166620383226881,0.13004350554498,1.28451139169036,0.155677081157212,1.1014725807383,0.0594279366842544,0.139421642964089,0.983303698565923,1.35392673730902,1.21137412358542,0.659004216585411,0.120040158964597,0.133794760512624,0.227040816326531,0.118164531480775,0.11734693877551,1.38525523142258,0.0288808664259928,0.0712738443852294,0.0974212034383954,0.61221826249139,1.0484924992331,0.100456621004566,0.165680427737595,0.0944065833523653,0.362284563721105,0.0800267726430646,0.949589629609324,0.350467289719626,0.0255484587614552,0.351851851851852,0.710846227301259,0.450319548000031,0.173182937672882,0.058039433490697,0.144423316254281,0.0472091085809497,0.163804800253773,0.49524588710942,0.0974212034383954,0.0552624271035823,0.0507363352723693,1.09264323942271,0.766923561630556,0.0172174396001111,0.339130434782609,0.0718990535465033,0.994472309787511,0.846209734588764,0.108858650374896,0,1,0,0,0,0,0,0,0,0,0
"5","Carnivore",0.0201066885514977,0.108961216416335,1.31988742964353,0.0740270859622429,1.12460698296958,0.0648338120640131,0.0889988561568538,1.33947178637553,1.14098427551831,1.04119077834179,0.790514348121711,0.129755341686628,0.158035352054226,0.164502164502165,0.219585962854294,0.00432900432900433,1.32615262556664,0.0439064423471481,0.113951806481205,0.0235849056603774,0.430510482851079,0.819899180773695,0.0849056603773585,0.0756906159838663,0.103138861340653,0.471579442215395,0.0524011956811382,0.681701509500408,0.170886075949367,0.0172343044727124,0.0900900900900901,0.927173140626879,0.683928143880581,0.0981482712757827,0.0377513336068937,0.10147533131903,0.090274928190398,0.255351858319197,0.430837563451777,0.0141509433962264,0.0307755437012721,0.0791649597156582,0.97867271753092,0.571294559099437,0.0118998768978252,0.0194174757281553,0.0740270859622429,0.922869128946106,0.587727735926325,0.0947886745999179,0,0.621226052528534,0,0.378773947471466,0,0,0,0,0,0,0
"6","Carnivore",0.0179689627007895,0.111185690948187,1.23372877081472,0.116858430282278,1.00448572225404,0.058807514293493,0.139549387618642,1.03078672138821,1.01086179065042,1.03499993564414,0.894539321703098,0.163374892821825,0.165643988555462,0.151515151515152,0.164509440688643,0.115151515151515,1.15923231837446,0.0392050095289954,0.116858430282278,0.155,0.56090892024022,0.976676987803725,0.0619469026548672,0.163374892821825,0.113454786681823,0.539690122072378,0.12820390895046,1.01088351013817,0.199074074074074,0.0217805608494419,0.342857142857143,0.903247066229921,0.640032342969388,0.162240344955007,0.0650694255377076,0.174720371490007,0.0560849441873128,0.12820390895046,0.741394709829089,0.115,0.058807514293493,0.065926430134408,1.27483991447728,0.582077259897527,0.0130683365096651,0.245901639344262,0.110051143081368,0.906249799272124,0.690637039114509,0.0898448135039477,0.406839728661375,0.190563471371107,0,0,0,0,0,0.208416833667335,0,0.194179966300184,0
"7","Insect",0.00913140311804009,0.142863985221792,1.01200818050363,0.138662103303504,0.978928288309985,0.0594654788418708,0.201690332077824,0.970430984708268,0.952665374968147,0.875357159212866,1.14131646569307,0.079835756447472,0.12605645754864,0.222857142857143,0.142863985221792,0.182857142857143,1.14142321762042,0.032739420935412,0.109248929875488,0.231805929919137,0.634758866325687,0.968001357159886,0.0241545893719807,0.268920442770432,0.134460221385216,0.262713905596368,0.130258339466928,1.19480751490494,0.280898876404494,0.0338530066815145,0.436823104693141,1.22429781248793,0.331679151728986,0.256314797015568,0.0590200445434298,0.109248929875488,0.0325167037861915,0.1050470479572,0.919474880736416,0.129380053908356,0.077728285077951,0.0336777115719863,1.16625155766241,0.788623799730358,0.0209354120267261,0.431438127090301,0.1050470479572,1.02620499523724,0.737311929856631,0.0779510022271715,0.0909090909090909,0.0909090909090909,0.0909090909090909,0.0909090909090909,0.0909090909090909,0.0909090909090909,0.0909090909090909,0.0909090909090909,0.0909090909090909,0.0909090909090909,0.0909090909090909
"8","Galloanserae",0.0148713826366559,0.0814354583415576,0.666218803955423,0.17863261829761,1.19303106185732,0.0711414790996785,0.192643019732717,1.17751962747126,1.07530126012662,1.05505017157207,0.885201206961308,0.102451060494218,0.166373517041892,0.1,0.093694559597276,0.0571428571428571,0.786292347048557,0.045016077170418,0.0796841581621693,0.0280898876404494,0.367239699674286,0.971442825999718,0.029126213592233,0.138352714171679,0.130471863364431,0.221270652718122,0.0464094547537909,1.25320216070078,0.186440677966102,0.0229099678456592,0.204225352112676,0.953922369495902,0.2229395632347,0.204902120988435,0.0534565916398714,0.0963215098663585,0.0562700964630225,0.111207561391159,0.761343141549477,0.241573033707865,0.055064308681672,0.0140365158908223,0.99165264133152,0.405525969639873,0.0333601286173633,0.126760563380282,0.0901919592384993,0.948829678295536,0.400550118246316,0.0844051446945338,0,0,0,0,0,0,0,0.39859451193207,0.20010353722431,0,0.40130195084362
"9","Rodent",0.00990865459049388,0.146971983681209,0.955854754336731,0.0977565946503457,0.795450244429549,0.0577488775352222,0.109891896055216,0.998902893244064,0.938482588056938,1.02940087153126,1.06184250844203,0.137533415921866,0.130117398396667,0.348605577689243,0.173939320136477,0.125498007968127,1.00572836839431,0.0323579501470816,0.129443214985285,0.215596330275229,0.685509275986548,0.954739505439077,0.0681198910081744,0.190119722009638,0.0788794591316582,0.536450019554009,0.135510865687721,0.974632598830412,0.292225201072386,0.0204366000928936,0.280834914611006,1.12485353199275,0.754891070113947,0.142252699801538,0.0628580275584456,0.16315238555437,0.0648707230221397,0.0896663937137653,0.821981971962419,0.107798165137615,0.0665737730298808,0.0688948845273267,1.16433758684492,0.758574161202584,0.0270939773958817,0.310897435897436,0.0943856775934372,0.977279233610423,0.886753202937395,0.0777210094441864,0,0,0,0,0,0.8010448267274,0,0.1989551732726,0,0,0
"10","Plant",0.015601409159537,0.120351981187268,1.14868929635131,0.200586635312113,1.06066002927102,0.0591343734272773,0.125366647070071,0.938114212288091,1.32710747493583,1.21809949508059,0.705204045311609,0.117008870598733,0.135953163933766,0.168900804289544,0.0952786517732537,0.126005361930295,1.45141348622347,0.0286864620030196,0.0568328800050987,0.0664819944598338,0.705340674179201,0.988180955922892,0.115942028985507,0.199472265115935,0.0941642815770753,0.454204824152464,0.0635191011821691,1.12712841505411,0.4,0.0309511826874685,0.4,0.754204306771684,0.527500108164121,0.177742046290456,0.0621540010065425,0.140410644718479,0.0417715148465023,0.0913783560866293,0.574106101435869,0.174515235457064,0.0686965274282838,0.0558223654024722,1.05419975906859,0.933069179448357,0.0161046804227479,0.353535353535354,0.0846921349095588,1.08674793836265,0.748169320246188,0.0938600905888274,0,0,0.196951674237148,0,0,0,0.803048325762852,0,0,0,0
"11","Artiodactyl",0.0137291280148423,0.152440017578199,1.08475004156972,0.1136535042299,1.14453530643854,0.0653061224489796,0.151538005639867,1.14389809933109,1.11241858293741,0.845823246836844,0.811316695553114,0.202952686124821,0.157852089208194,0.138392857142857,0.172284280221515,0.138392857142857,1.3010467996464,0.0289424860853432,0.0929072296482516,0.0837696335078534,0.476096071103294,0.698403819951577,0.0775193798449612,0.138909838503211,0.111849480353235,0.437690985928575,0.078475038634931,0.997497021952465,0.284090909090909,0.0204081632653061,0.314720812182741,0.952621557609251,0.673950905829836,0.17769635185151,0.0463821892393321,0.21648286519981,0.0586270871985158,0.138909838503211,0.462716750434824,0.0994764397905759,0.061595547309833,0.0741028447407662,1.18919800269602,0.718716405709169,0.0166975881261596,0.113333333333333,0.10643740872324,0.90211670715474,0.72115903503044,0.0831168831168831,0,1,0,0,0,0,0,0,0,0,0
"12","Fish",0.0199494239955044,0.136004703343018,1.05435338125849,0.214570527118838,1.02158965888236,0.0671536948581062,0.14656817544733,0.944183959287287,1.28824536712482,1.13825130778264,0.742003125212011,0.115537976140913,0.154490779525564,0.239520958083832,0.104974504036601,0.0778443113772455,1.3167742604406,0.032312447316662,0.0508367095020017,0.141414141414141,0.599476740709241,0.841540630719784,0.205263157894737,0.175617723734188,0.0706432196975868,0.445599646742227,0.0831873428214574,1.1108557891118,0.518828451882845,0.0280977802753582,0.377483443708609,0.742666077903711,0.545887857785403,0.165714468636395,0.069963472885642,0.169015553668993,0.0449564484405732,0.0878088618670939,0.679268575439124,0.175084175084175,0.0632200056195561,0.0601917322437642,1.09856773134705,0.975872680391507,0.0182635571789829,0.281512605042017,0.0911099468996914,1.1001470860934,0.675080158645737,0.0938465861196965,0.18404327363091,0,0.627082288470094,0,0,0,0,0,0,0,0.188874437898996
"13","Primate",0.00973630831643002,0.154963216992498,0.696649169659329,0.16186068955893,1.23568466667268,0.0519269776876268,0.128292989735629,0.919283315815103,1.12411023229257,0.825412349887874,1.02840613509573,0.134730630797632,0.0882876488503255,0.0584795321637427,0.131051978762202,0.192982456140351,1.00847156398104,0.039553752535497,0.0358668573454447,0.10377358490566,0.70293418052455,0.902191600881337,0.11304347826087,0.13932894584192,0.0666755681421729,0.327385287691187,0.0915064693813269,1.28290302267002,0.40625,0.0225152129817444,0.474626865671642,1.19337217771304,0.368042606566794,0.143467429381779,0.045841784989858,0.172436814160792,0.0531440162271805,0.103462088496475,0.714569964982733,0.181603773584906,0.0490872210953347,0.03040544758322,1.10000645762674,0.857192922997858,0.0174442190669371,0.348130841121495,0.112198887080622,1.09666967793508,0.470612659801849,0.104056795131846,0,0,0,0,0,0,0,0.40827632517732,0.392142167648946,0,0.199581507173734
"14","Plant",0.00740889066880256,0.108153276263763,0.869084209500695,0.0995010141626622,0.975426623466747,0.0406487785342411,0.181697504123122,1.06086516428015,1.15911034548232,0.987009059535476,0.98480175446246,0.131946997041791,0.0605658347077075,0.100656455142232,0.073544227859359,0.135667396061269,1.22538202404824,0.0282338806567881,0.0259567863033032,0.154618473895582,0.581182053156461,0.868804228750169,0.0162162162162162,0.142762324668168,0.0454243760307806,0.14080254699592,0.0843595554857354,1.10146210131514,0.305418719211823,0.0316379655586704,0.362694300518135,1.17793350291708,0.183218931062783,0.127620865991241,0.066079295154185,0.16006684887037,0.0294353223868642,0.0821964899604601,0.606911392723658,0.160642570281124,0.0843011613936724,0.023838070689802,1.07139783779406,0.673887853062971,0.0218261914297157,0.484924623115578,0.0475874415560559,0.955251369338524,0.541141787133218,0.091509811774129,0,0,0,0,0,0,0.373698249716812,0.391399443542536,0.234902306740652,0,0
"15","Artiodactyl",0.0166837782340862,0.100050414226877,1.31222535200605,0.125063017783596,1.02902144584789,0.0757186858316222,0.109579025105627,0.948615591197796,0.795546982739962,0.996391690116193,0.915944217048874,0.153053312239925,0.171514995817504,0.266129032258065,0.130422861402893,0.225806451612903,0.923684275985584,0.029517453798768,0.108387948745784,0.25,0.9623595741234,0.886770002318612,0.0301507537688442,0.213202668412036,0.128040708683206,0.278301777880397,0.111365639645393,1.05299166660518,0.264406779661017,0.0233572895277207,0.417004048582996,1.01453648118217,0.396403114192423,0.166155152198207,0.0685318275154004,0.190572217575004,0.0420944558521561,0.047643054393751,0.646119590943181,0.26,0.0782854209445585,0.0250592253848617,1.14498150425488,0.883636591690548,0.0195071868583162,0.605381165919282,0.119107635984378,0.914379900166678,0.708348387378365,0.095482546201232,1,0,0,0,0,0,0,0,0,0,0
"16","Neoaves",0.0112881806108898,0.147438364277014,1.03053297561366,0.112269580137543,0.845253930055641,0.0590969455511288,0.114298548453281,0.949494055539746,0.988675857105946,1.01276228446947,1.03646785022746,0.136617199926407,0.119709130628585,0.317142857142857,0.172462306837791,0.108571428571429,1.08690091755032,0.0305444887118194,0.123767067260062,0.205479452054795,0.627771536100933,0.868097082302726,0.127340823970037,0.166375401890575,0.0919798969801553,0.690234167484067,0.125119712803888,1.13408027567031,0.247191011235955,0.0177069499778663,0.336206896551724,1.10011615383065,0.850708201271167,0.134588231610668,0.0502434705621957,0.194780958310917,0.0699424524125719,0.0757481504542456,0.816875478152094,0.102739726027397,0.0613103142983621,0.079954840320003,1.25544673743394,0.819166278528179,0.0296591412129261,0.209677419354839,0.13255926329493,0.950835924004635,0.904894036828811,0.0774679061531651,0,0,0,0,0,1,0,0,0,0,0
"17","Rodent",0.0112860112860113,0.163316448490436,1.09219339909877,0.131501555927364,0.916676953671277,0.0561330561330561,0.167558434165512,1.07199097049955,1.15366315219065,1.09144173798552,0.841600501461624,0.0933236848516777,0.114533613227059,0.168292682926829,0.154832477140284,0.121951219512195,1.17941553524202,0.0365310365310365,0.0784767349889108,0.130872483221477,0.505820122528895,1.0875911876702,0.0460526315789474,0.146348505790131,0.0678717708012202,0.157737605124332,0.112412620389521,1.18944291323164,0.285714285714286,0.0267300267300267,0.330827067669173,0.835292318044758,0.260609246191241,0.205736305241199,0.0614790614790615,0.156953469977822,0.0353430353430353,0.137864534439978,0.753360215053763,0.211409395973154,0.0733590733590734,0.046748816994218,1.22480385836144,0.692941840767928,0.0261360261360261,0.270718232044199,0.0466618424258389,0.885535886987487,0.783198068211092,0.121770121770122,0,0,0,0,0,0,0,0,0,1,0
"18","Rodent",0.0145317545748116,0.123702329599185,0.951778073702437,0.16493643946558,1.10021703842002,0.0567814854682454,0.131949151572464,0.994442491840952,1.01802154611607,0.906714010635893,1.04034804156281,0.123702329599185,0.144319384532382,0.11830985915493,0.0783448087461505,0.140845070422535,1.01155260450406,0.0390204520990312,0.0948384526927085,0.110714285714286,0.590266510330841,0.92119601523097,0.0914634146341463,0.189676905385417,0.08246821973279,0.251855050053719,0.103085274665987,1.58720159843078,0.203791469194313,0.0271797631862217,0.543103448275862,1.17182558011105,0.26825117663615,0.181430083412138,0.0618945102260495,0.185553494398777,0.038751345532831,0.065974575786232,0.759162742463273,0.210714285714286,0.0656620021528525,0.0454420642528201,1.20797596543343,0.802783648335398,0.0252960172228202,0.28030303030303,0.098961863679348,1.01790712784115,0.616498522889727,0.0955328310010764,0,0,0,0,0,0,0,0,0,1,0
"19","Artiodactyl",0.010019267822736,0.130140040363935,1.08052196364923,0.15932585823967,1.05419980862013,0.0701348747591522,0.128226216240936,0.898035682178162,1.24263139762993,1.06572009114765,0.808919524340836,0.127747760210186,0.115307903410692,0.208728652751423,0.165067330608667,0.16888045540797,1.34735630358844,0.0314065510597303,0.104303414703448,0.166666666666667,0.740277029382865,1.05938218309465,0.0912052117263844,0.169851890916165,0.0999973104266998,0.392001888255724,0.115786359441442,0.998166445576385,0.274725274725275,0.0210019267822736,0.351535836177474,0.897754324442796,0.542781499016578,0.146886001440176,0.0591522157996147,0.165067330608667,0.0468208092485549,0.122963199902688,0.553370130346858,0.13963963963964,0.0533718689788054,0.069505436936897,1.08998264180923,0.852706628975334,0.0183044315992293,0.312997347480106,0.0851651734734573,1.09348327628917,0.73716451834357,0.101541425818882,0.204261546148904,0.201834534941823,0,0,0,0,0,0.208291693435173,0,0.3856122254741,0
"20","Rodent",0.0114309906858594,0.148896341114672,1.00201190017551,0.147913526981902,0.981135727046469,0.0484758679085521,0.138576792720586,0.921896720004579,0.923761225605859,0.930812663277058,0.984741619341044,0.159215889508758,0.120886138330724,0.144508670520231,0.131697093791195,0.154142581888247,0.978200008182616,0.0317527519051651,0.0663399539619825,0.179487179487179,0.729188101719468,1.07400339200191,0.0539419087136929,0.162655738973453,0.0923845284803904,0.192724208085287,0.108600961671097,1.06532651181159,0.244541484716157,0.0277307366638442,0.336065573770492,1.03716054088003,0.225035455966252,0.166095588438149,0.0499576629974598,0.197545640686792,0.0446655376799323,0.0869790507501548,0.824035618957219,0.217948717948718,0.0620237087214225,0.0152620135098815,1.06933601237097,0.697313107023782,0.0224386113463167,0.463949843260188,0.105161112206402,0.964938667198572,0.711520994899742,0.109864521591871,0.194030719444978,0,0,0.192444692776449,0,0,0,0.387179666265067,0,0.226344921513506,0
"21","Artiodactyl",0.0145727533671892,0.118548840475958,0.67266083817808,0.130138136489901,0.871465136977654,0.0509310370206815,0.259551941978931,1.01615255059173,0.696491991020134,0.767453689534787,0.996637268212055,0.0975432414506865,0.148970742512558,0.0614814814814815,0.109615424798544,0.0533333333333333,0.609012298663254,0.0463678516228748,0.0564978180679719,0.0379867046533713,0.608465091696587,1.04588479695221,0.0430327868852459,0.128448030821201,0.133276904160344,0.369963068448562,0.0690528887497434,1.8296579055632,0.157514450867052,0.0212703319349378,0.412037037037037,0.952548590028481,0.322524862757102,0.16828623586913,0.0429086626922794,0.132069685825558,0.049606241260028,0.0446670783870718,1.12712464511442,0.296296296296296,0.049311842202105,0.0198352835542744,1.13930492370358,0.552036285585718,0.0323102966070509,0.36,0.11082264313333,0.889455778954579,0.708931735362537,0.0993596820490174,0.432837188000916,0,0.178353695496976,0,0,0,0,0.193631379733024,0,0.195177736769084,0
"22","Pterobat",0.0105433901054339,0.134011806154222,0.897650669418497,0.180123395368579,1.01652150257917,0.0512976480129765,0.138815096697385,0.950093794495359,1.10404511867613,1.12699607402016,0.95494396807872,0.125365883176531,0.116719960198839,0.136904761904762,0.134972464262855,0.168650793650794,1.11493026576044,0.0462287104622871,0.0629231061154234,0.138349514563107,0.676411938278587,1.00398400926448,0.0942622950819672,0.153224968326871,0.0701280419301666,0.398936361435792,0.106152721003882,1.174969722482,0.351778656126482,0.0283860502838605,0.476190476190476,1.01063878230401,0.45382012105289,0.180123395368579,0.0496755879967559,0.16091023319593,0.0517031630170316,0.10519206289525,0.780490856392185,0.20631067961165,0.050081103000811,0.0394603971675494,1.09426232728393,0.872687055580454,0.0208840227088402,0.338461538461538,0.104231404786617,1.11667028051409,0.577726728414673,0.102189781021898,0,0,0,0,0,0,0,0,1,0,0
"23","Rodent",0.011531638083974,0.155510609298169,1.08760211515479,0.112313217826456,0.944439814823023,0.050561797752809,0.200867870343469,1.01683666025539,1.10121266059332,1.12437196200122,0.819335031236733,0.103673739532113,0.157670478871755,0.159203980099502,0.149031000577412,0.13681592039801,1.10843610373143,0.0322294500295683,0.0647960872075705,0.13,0.520811786678996,1.07917483005892,0.029940119760479,0.142551391856655,0.105833609105698,0.22640362300815,0.0928743916641844,1.19571772738492,0.286549707602339,0.0307510348905973,0.3828125,0.868499143998478,0.242582577224169,0.19006852247554,0.0623891188645772,0.183588913754783,0.0378474275576582,0.133911913562312,0.65358561922543,0.2,0.0683027794204613,0.0324584314005862,1.22222310013132,0.697963803615804,0.0257244234180958,0.282722513089005,0.0691158263547419,0.907507198215376,0.800041478795886,0.11886457717327,0,0,0,0,0,0,0,0,0,1,0
"24","Artiodactyl",0.0273047563123899,0.17272153463809,1.17475215311005,0.129711824431767,1.05435627239828,0.0857310628302995,0.158384964569316,1.05178275354377,1.01727073658709,0.98601735236496,0.891340585004658,0.123567580116578,0.243721691169163,0.262458471760797,0.142683006874944,0.112956810631229,1.12876374618339,0.0249559600704639,0.102404071919816,0.162790697674419,0.51787891360016,0.712075633594271,0.0529100529100529,0.177500391327682,0.1112790914862,0.353643614864204,0.104452153358213,1.06319570354239,0.455479452054795,0.0393423370522607,0.241071428571429,0.969840822582134,0.417983360503187,0.185010023268468,0.0549031121550205,0.163846515071706,0.042571931884909,0.0901155832894383,0.683651019006183,0.172093023255814,0.0598943041691133,0.0328303828139716,1.15522816547675,0.769351526965562,0.0187903699354081,0.328042328042328,0.0703174627182738,1.01746279651258,0.68373856555747,0.0883734586024662,0,0,0,0,0,0.201210219498247,0,0.200755114689406,0,0,0.598034665812347
"25","Vespbat",0.0118106295666099,0.129643182206915,1.03846009953983,0.119440935622494,0.872834043388958,0.058352517265539,0.190110155865802,1.07636537870486,0.929649694297139,0.692307582506503,1.12658488867581,0.123919970708337,0.152536028201226,0.128888888888889,0.104510818669682,0.0988888888888889,0.942427820321518,0.0354318886998298,0.0823644785230112,0.109479305740988,0.608241390360867,0.870743379218704,0.0647668393782383,0.148554663680476,0.111478206580994,0.480384478149481,0.0938109015201668,1.09646854970497,0.212692967409949,0.0220198178360524,0.299052774018944,1.23894259620735,0.629289342502893,0.149301169528117,0.0400360324291863,0.139596593508789,0.0431388249424482,0.115459571101744,0.843166258919746,0.201602136181575,0.0519467520768692,0.0680586529215057,1.01404469730402,0.548249479354089,0.0307276548894005,0.241452991452991,0.138103581813508,0.90409902945877,0.583614117416726,0.0900810729656691,0,0,0,0,0,0,0,0.389889545672835,0.387956743168492,0,0.222153711158674
"26","Pterobat",0.0129940443963184,0.0992665300930456,0.761433142550059,0.117734721738263,0.90463343517176,0.0690695336066208,0.264967249576528,1.0669233637931,0.687542972893366,0.629734625413252,1.26983359847042,0.0897759316086976,0.169035254086091,0.0583623693379791,0.0607911308321752,0.0592334494773519,0.639387365828802,0.0270709258256632,0.064125665434784,0.101769911504425,0.479345386190183,0.985698201808945,0.0419426048565121,0.117478219076524,0.148258538485221,0.411781013623097,0.0782333118304365,1.22962187061082,0.0806270996640538,0.0198777941062727,0.237068965517241,1.3898905749495,0.490366024681658,0.174678312644352,0.0378992961559285,0.121325759002611,0.0323304199860778,0.0541220616269577,1.05424261970938,0.279867256637168,0.0580091267692784,0.0323795764690403,1.08852380601552,0.460538867583046,0.0339546755356176,0.226209048361935,0.117221716414785,0.86752465534978,0.524593230075955,0.0887926367081754,0.200299178110135,0,0,0,0,0,0,0.199525734700411,0,0,0.600175087189454
"27","Primate",0.0135198135198135,0.138576482542281,0.931595282433272,0.133366840341444,1.21300553404596,0.0657342657342657,0.138576482542281,0.917608283267912,0.824643512537446,0.685047159666964,0.871226441304026,0.156289266025129,0.17296012106781,0.111111111111111,0.18963097611049,0.185185185185185,0.842320511838173,0.0428904428904429,0.0750188476920621,0.129770992366412,0.691297082606517,0.781919146896502,0.0540540540540541,0.141702267862784,0.122947555939768,0.190440958863569,0.0958574164954127,1.20277847782258,0.191489361702128,0.0233100233100233,0.330578512396694,0.999815034033738,0.268069674247393,0.139618410982449,0.0377622377622378,0.232350042157359,0.0601398601398601,0.0812704183330673,0.574135463317789,0.251908396946565,0.0624708624708625,0.0187896694576901,1.11642481141497,0.596293542613245,0.020979020979021,0.333333333333333,0.146911910063622,0.961061623194032,0.648056320783594,0.0881118881118881,0,0,0,0,0,0,0,0.608384595859095,0.196810494219843,0,0.194804909921061
"28","Rodent",0.0123058892469968,0.18403154545139,1.07631824212121,0.130866876765433,0.96443723432566,0.050395546440082,0.224927444440587,1.08410414225057,1.21018781984477,1.06798245614035,0.850501146384178,0.147225236361112,0.132911671714893,0.144963144963145,0.149270031310572,0.14004914004914,1.24066124285962,0.0372106651040141,0.0838365929278553,0.133956386292835,0.4787465489501,1.02686582586379,0.0472972972972973,0.122687696967593,0.089970977776235,0.142550976508851,0.0961053626246147,1.20721965853675,0.273255813953488,0.0284207442133021,0.464285714285714,0.87071677543244,0.164447351566729,0.198345110097609,0.0650454145912687,0.18198675050193,0.0331087020216818,0.132911671714893,0.726788188892442,0.186915887850467,0.0732493407559332,0.024583275733682,1.18452638874601,0.702423711077802,0.0269557573981834,0.244019138755981,0.0613438484837966,0.893375132061363,0.741941000138561,0.119249926750659,0,0,0,0,0,0,0,0,0,1,0
"29","Plant",0.00771055753262159,0.131319889743776,1.01430406243806,0.11047546280032,0.879025246018475,0.0391459074733096,0.181346514408072,1.02622756025873,1.18447359579275,1.07701134261954,0.998403284530346,0.127151004355085,0.0937999212455545,0.109339407744875,0.0687866089134066,0.143507972665148,1.3166401877154,0.0300514037168841,0.0375199684982218,0.17102615694165,0.576771219515522,0.930145545470593,0.0285714285714286,0.145910988604196,0.0625332808303697,0.145596462318266,0.0875465931625175,1.09361819118487,0.444444444444444,0.0371688414393041,0.404040404040404,1.13628543417951,0.225854442800734,0.145910988604196,0.0650454725187821,0.14382654590985,0.0304468169236853,0.0812932650794806,0.689204152870129,0.146881287726358,0.0860023724792408,0.0187949516110504,1.06819978170048,0.684904757422481,0.0227362593910637,0.443609022556391,0.066702166219061,0.981409313382273,0.567967915008493,0.086793198892843,0,0,0,0,0,0.202414625531629,0.797585374468371,0,0,0,0
"30","Rodent",0.0126284875183554,0.161475128840166,1.08558773424191,0.134213094100917,0.998539658637522,0.0537444933920705,0.186640083984087,1.05940995712541,1.1373401855245,1.10545535326726,0.805105038512273,0.13840725329157,0.159378049244839,0.120567375886525,0.17825176560278,0.115839243498818,1.11659313140949,0.0399412628487518,0.0713007062411121,0.103333333333333,0.513650972542781,1.06812389275165,0,0.153086810458858,0.111145218552322,0.1572879038442,0.0817861042177462,1.2813986851285,0.278688524590164,0.0249632892804699,0.396551724137931,0.802168309605418,0.201931882623599,0.197125481960722,0.0619676945668135,0.186640083984087,0.0323054331864905,0.144698492077551,0.730885870738839,0.24,0.0701908957415565,0.0294138377694957,1.2521026975956,0.704038186157518,0.0273127753303965,0.297560975609756,0.0629123878598048,0.882690873890279,0.754145744029394,0.124229074889868,0,0,0,0,0,0,0,0,0,1,0
"31","Primate",0.0194457948468644,0.137774156497204,0.606846337970335,0.138951713390343,1.03925886337646,0.0627126883811376,0.208427570085514,1.04064063822537,0.788587593166,0.624658867367633,1.0614053887328,0.113045461741296,0.201362228726683,0.116959064327485,0.144839497856035,0.111111111111111,0.757771629778672,0.0345162858531843,0.0694758566951714,0.0923076923076923,0.569951272333514,0.814436232051281,0.0648148148148148,0.147194611642312,0.143661940962897,0.400737416301085,0.0930269945579413,1.41614137314412,0.24031007751938,0.0252795333009237,0.493055555555556,1.16155772840894,0.364131775696654,0.183698875329606,0.0602819640252795,0.162502851253113,0.0500729217306757,0.0494573895118169,0.877889313726623,0.269230769230769,0.0568789499270783,0.0342128016433984,1.1649699879952,0.666996948363649,0.0170150704910063,0.321100917431193,0.115400575527573,0.981279890500438,0.589322475211779,0.0831307729703452,0,0.186116700201207,0,0,0,0,0,0.813883299798793,0,0,0
"32","Insect",0.0227708022983614,0.146758923345686,0.835780630427779,0.108840349849672,0.988234558888794,0.0783145350074484,0.172740168148511,1.15186342373785,1.02503046208417,0.9307003382485,0.911060738223434,0.127799636597679,0.207849958422598,0.186567164179104,0.147461119151168,0.124378109452736,1.10399896941229,0.0291551393913599,0.123586461764788,0.195530726256983,0.566598192740677,0.723809887648519,0.160377358490566,0.131310615625088,0.0983074127674452,0.75948213765394,0.109542545655153,0.910484938654756,0.372282608695652,0.0319216854649925,0.180327868852459,0.952286653835404,0.915532201969315,0.148865510762131,0.0466056607788891,0.137630377874423,0.0485209619067887,0.115862307904489,0.748621410638549,0.162011173184358,0.0391572675037242,0.121002800096469,1.23355986884564,0.736820394151472,0.0225579910619281,0.242424242424242,0.0709217763536569,1.01089452816456,0.80600571421124,0.08555011704618,0,0,0,0,1,0,0,0,0,0,0
"33","Rodent",0.011183048852266,0.166790330787209,1.16872659076822,0.145129248866792,1.0351587810917,0.0565038257798705,0.184119196323543,0.99832724491054,1.14521423617149,1.02927984932541,0.853695025978671,0.145129248866792,0.145129248866792,0.157647058823529,0.145129248866792,0.148235294117647,1.20284622814119,0.0385520894643908,0.0953087604498338,0.13265306122449,0.610524275811748,1.15378139256728,0.0284090909090909,0.127800383330459,0.0823121112975838,0.128333066129246,0.0888104358737088,1.21033849874055,0.234375,0.0256032960565038,0.446153846153846,0.799613719728377,0.19970757677136,0.153793681634959,0.0635668040023543,0.194949737283751,0.0385520894643908,0.158125898019042,0.846144126114619,0.173469387755102,0.0668040023543261,0.0282118937559067,1.20486814929854,0.788324248866063,0.0250147145379635,0.35,0.0519865966090003,0.911978892695839,0.76492510282766,0.125073572689818,0,0,0,0,0,0,0,0,0,1,0
"34","Carnivore",0.0124037639007699,0.131646547488726,1.11598653366699,0.145122178334029,1.03190503182532,0.0718562874251497,0.136829482429227,0.900980745693956,0.97914021895819,1.18823012736056,0.778194103470101,0.105731872786221,0.191768592798538,0.199029126213592,0.20213446267954,0.160194174757282,1.12218778663355,0.0372112917023097,0.129573373512526,0.0723684210526316,0.722574288328371,1.05301355088662,0.0327868852459016,0.125427025560125,0.129573373512526,0.488487598577566,0.0704879151908141,0.943432020549361,0.172619047619048,0.0269461077844311,0.22972972972973,0.813053184209641,0.55522837719496,0.15030511327453,0.0526090675791275,0.111951394714822,0.0658682634730539,0.138902656405428,0.605175846051758,0.0657894736842105,0.0491873396065013,0.0633496661521761,1.12510317395052,0.771955902390685,0.0222412318220701,0.308333333333333,0.117134329655323,1.07089807763541,0.767676767676768,0.088109495295124,0,0,0,0,0,0,0,0.397232763332553,0.198772546263762,0,0.403994690403686
"35","Neoaves",0.00919269298762522,0.136947439259249,1.11413735940866,0.111233679567112,0.804426426984915,0.0511490866234531,0.185485772161262,0.962170885386266,0.876882077972998,0.732581391602925,1.16713161624782,0.120479076310352,0.135502846018118,0.11787072243346,0.156882825986861,0.119138149556401,0.882006463662076,0.0421921037124337,0.112967191456469,0.101083032490975,0.706601723364052,1.02597144966747,0.0567823343848581,0.108922330381302,0.0990990963416086,0.548808886991498,0.110655842270659,1.00637172718841,0.145161290322581,0.0169711255156158,0.220338983050847,1.25800526183141,0.665061282575129,0.136947439259249,0.0362993517972893,0.139258788445059,0.0519740718915734,0.159194175172672,0.855291842457686,0.111913357400722,0.0456098998232174,0.0709170074721154,1.08884605344313,0.566044048806345,0.026163818503241,0.256728778467909,0.145614998706037,0.98187715250708,0.539230123168853,0.0929876252209782,0.202702878136806,0,0,0,0,0.797297121863194,0,0,0,0,0
"36","Galloanserae",0.00954850878227042,0.122348979894594,0.822683228281925,0.110169443434499,0.918023932832558,0.0550512790286455,0.203176812766136,0.968136888766492,0.780695650875294,0.466504558288104,1.1752002838028,0.114044750489984,0.145600822227504,0.071072319201995,0.091069715803895,0.113466334164589,0.709648134452259,0.0383119179535542,0.0728004111137519,0.0645724258289703,0.747687213939941,0.75452542533303,0.0641891891891892,0.108231789906757,0.132314055180127,0.534296788336273,0.097436291680763,1.33517669362648,0.109207708779443,0.0186254862666509,0.303839732888147,1.26608436663065,0.523786051773097,0.139787861644276,0.0344217847459625,0.149752936929809,0.045974301544265,0.0822118711056438,1.00615263583669,0.174520069808028,0.048449840858187,0.0363293913182412,0.987648532434132,0.553577217816544,0.0265236355063067,0.454724409448819,0.135082131648331,0.965011921229395,0.635985695439137,0.0945420252269244,0,0,0,0,0,1,0,0,0,0,0
"37","Vespbat",0.0144251166737378,0.137871179573669,0.648332629141042,0.112090389897292,0.974502676890683,0.0729741196436148,0.217455356400746,0.991450286555251,0.841522620168145,1.02893390191898,1.07225326511687,0.0717378495342666,0.163651969250046,0.208163265306122,0.1614101614521,0.0857142857142857,0.818978881885897,0.0398812049215104,0.154684738058262,0.13953488372093,0.535963412213524,1.01575368703314,0.0789473684210526,0.0818259846250228,0.141233891270587,0.648612189891027,0.0975186392106436,1.21747305676534,0.0697674418604651,0.0161221892235893,0.174129353233831,1.10356292024113,0.684765947512495,0.182707335532585,0.0347899872719559,0.118815813291129,0.072125583368689,0.103123158705508,0.919717454229253,0.156976744186047,0.0271531607976241,0.0786095232461746,1.11736151254447,0.668175536881419,0.0284259652100127,0.2,0.0807050807260499,1.04666521188419,0.661352063213345,0.103945693678405,0.409641221605556,0,0,0.195969429533254,0,0,0,0.394389348861189,0,0,0
"38","Insect",0.010454878943507,0.12370871786743,1.25486691269117,0.0559944722978895,0.771604620301937,0.0497065297138665,0.0657609500242656,0.999266812140229,1.03961249233554,0.906416389713928,0.992343553242673,0.169936712438944,0.0865961025072012,0.197424892703863,0.173843303529494,0.180257510729614,1.29265204983463,0.0326485693323551,0.103524663899586,0.160804020100503,0.854921283957372,0.75327712860317,0.142857142857143,0.128266407473072,0.0755274277506417,0.729910506950355,0.116546634201421,0.811354572564288,0.280442804428044,0.0183418928833456,0.290870488322718,1.11359797697559,1.0733160306774,0.0651098515091739,0.0473220836390316,0.180354288680412,0.0719002201027146,0.143241673320182,0.638631118500645,0.105527638190955,0.0497065297138665,0.110893060295533,1.14028109300394,0.920019955514158,0.0253118121790169,0.249084249084249,0.136730688169265,0.881633342634161,0.872360652476547,0.0854732208363903,0,0,0,0,0,0.807527773949809,0,0.192472226050191,0,0,0
"39","Pterobat",0.0128040973111396,0.11312003213675,0.692181360224722,0.100415406497201,0.910642378189217,0.0630601792573624,0.256780029753184,1.1523839712542,0.710076583036506,0.573415454349554,1.11099635582287,0.139017922863522,0.160273738837382,0.0604982206405694,0.075983434113454,0.0557532621589561,0.683915964393647,0.0360648740930431,0.0527730603488941,0.072289156626506,0.514682037132347,0.74381639151548,0.0537974683544304,0.129245133910023,0.145614555407134,0.445615464984817,0.057903774549481,1.3097516236583,0.0879864636209814,0.0216602646180111,0.269949066213922,1.2247143988635,0.491402234306268,0.154410065465283,0.0402262057191635,0.176643160334493,0.0374519846350832,0.0554605773111063,0.896967246182895,0.260542168674699,0.0568715322236449,0.0332894162574824,1.09689803542832,0.46121297642237,0.0325437473324797,0.25601750547046,0.123870099985599,0.794770975073594,0.630337554748078,0.0899487836107554,0.199051216676757,0,0,0,0,0,0,0.199503153610237,0,0,0.601445629713006
"40","Galloanserae",0.011376066506235,0.140247563016367,0.952123567715354,0.141263849704891,1.05814539692991,0.0557864799824984,0.151934859934397,0.940200894267932,1.08120776014646,1.0851822503962,0.897170057443283,0.130084696131123,0.131609126163909,0.16504854368932,0.164638443540952,0.159223300970874,1.15870715645827,0.0511922992780573,0.0909576586229336,0.111392405063291,0.688120769204863,0.965636222801211,0.145228215767635,0.142788279737678,0.104169385573751,0.482001104773469,0.103153098885226,1.25667804056155,0.262745098039216,0.0234084445416758,0.417956656346749,0.953918504426153,0.50440595433468,0.158540723409806,0.0459418070444104,0.161589583475379,0.0529424633559396,0.123478832655714,0.701745628006117,0.167088607594937,0.0420039378691752,0.0559999538596188,1.1423179584121,0.930499572401105,0.017501640778823,0.263345195729537,0.102136812196702,1.05958461668406,0.705059004287565,0.112666812513673,0,0,0,0.401109913505135,0,0,0,0,0.392392133807229,0,0.206497952687636
"41","Vespbat",0.0163570834488495,0.1534333271241,1.32471404647497,0.173392133904471,1.09318150737721,0.0557249792070973,0.140959072886369,0.954691922601442,1.28363383757298,1.26789501780397,0.701296655801123,0.125989967801091,0.132850807631843,0.202099737532808,0.121000266105998,0.141732283464567,1.34165271360209,0.0321596894926532,0.0798352271214831,0.0951008645533141,0.619178577613871,1.10488698874713,0.121212121212121,0.176510697463904,0.0873197796641222,0.320366388853978,0.0773403762739368,1.02517598889488,0.343283582089552,0.023842528416967,0.443820224719101,0.725616179882942,0.398131955637096,0.170897283056925,0.0571111727197117,0.152809614412214,0.0482395342389798,0.148443625429008,0.57829202439917,0.118155619596542,0.0596063210424175,0.0424915184188892,1.14579298377356,0.813828317014959,0.0171887995564181,0.336134453781513,0.0654898347480916,1.00977053155094,0.808366815439035,0.105627945661214,0,0,0,0,0,0,0,0,0,0,1
"42","Vespbat",0.0118743424019239,0.124410124132025,0.773195533788666,0.104606063555907,0.88403560519178,0.070494513753194,0.25643719463948,1.06048175789089,0.705257172038877,0.556320913180984,1.1930675673472,0.105621656405964,0.180521629097694,0.0920716112531969,0.091149458292647,0.0775788576300085,0.688977597580244,0.0291597775439651,0.0748999726917294,0.0783316378433367,0.509894760506796,0.926907577461388,0.0376984126984127,0.115777584906538,0.155639604271289,0.416859101376319,0.0761694637543011,1.33077663915998,0.0959488272921109,0.0202164437096047,0.305641025641026,1.29821834428625,0.510703782028807,0.162240957796661,0.0381031113783256,0.131773172294941,0.0362994137982865,0.0619511638534982,0.998310057275708,0.282807731434384,0.0502780700435894,0.0353576332016684,1.07742307067242,0.49072968651757,0.0344205621524125,0.277504105090312,0.124664022344539,0.856596823100792,0.576915187017072,0.08815571922441,0.197279644392031,0,0,0,0,0,0,0.19996711533446,0,0,0.60275324027351
"43","Carnivore",0.0162368672397326,0.128837210695878,1.24749215392855,0.117535700985713,0.979100805578359,0.0595351798790194,0.129967361666894,1.04804055118763,0.999976955084215,0.950086505190312,0.936129527250671,0.17291309856552,0.171782947594504,0.109090909090909,0.177433702449586,0.145454545454545,1.17232689481176,0.0397962432346387,0.119796002927746,0.184971098265896,0.583714788732394,0.995850794000882,0.06,0.159351286913323,0.106234191275549,0.530247587931448,0.124316606811812,0.9611300842235,0.213903743315508,0.0229226361031519,0.32258064516129,0.958031873847156,0.635474788571624,0.159351286913323,0.0681311684177014,0.166132192739422,0.0547596306908628,0.133357814579944,0.752865064312705,0.092485549132948,0.0550780006367399,0.063406419843279,1.27733584606229,0.494562647754137,0.0140082776185928,0.236024844720497,0.116405550014697,0.928777698035346,0.730150160467469,0.087551735116205,0.410329642089524,0.187733623025885,0,0,0,0,0,0.206557798336604,0,0.195378936547986,0
"44","Neoaves",0.0286298568507157,0.12971083830623,1.19775545945173,0.102297722994089,0.84701031715589,0.101665205959684,0.135728351423529,0.979298250051694,0.945010064897282,1.09456562690814,0.918931492135701,0.0996232727197335,0.275468378258592,0.346534653465347,0.108983848679977,0.0957095709570957,1.02519020291661,0.0254163014899211,0.165815917010026,0.283422459893048,0.525240844736218,0.942677235231462,0.126482213438735,0.155118115912605,0.129042225737641,0.51739210756917,0.110989686385743,1.00891622605462,0.436781609195402,0.0371019573473561,0.291187739463602,0.947827558404025,0.575419246652797,0.164478691872849,0.0712825007303535,0.149769215363895,0.037394098743792,0.0775590579563026,0.768129402385199,0.235294117647059,0.0470347648261759,0.0502394113434388,1.19833408782254,0.73329190441218,0.0198656149576395,0.338028169014085,0.0568320683300493,0.958522511660218,0.733737576642006,0.0885188431200701,0.19906198800929,0,0,0,0,0.201717588174928,0,0.200280263339515,0,0.398940160476268,0
"45","Rodent",0.0133577789418544,0.126979567719208,1.42158181818182,0.15078823666656,1.02753939044726,0.0615505500261917,0.210309909034938,1.00501858447847,1.18272986002249,0.910692938347008,0.989491997645991,0.0952346757894061,0.126979567719208,0.136111111111111,0.146820125175334,0.205555555555556,1.18486492018011,0.035358826610791,0.0833303413157303,0.11716621253406,0.605865527779955,0.990071618950759,0.0691489361702128,0.119043344736758,0.0396811149122525,0.138173450091107,0.130947679210433,1.21520306431509,0.417021276595745,0.0254059717129387,0.377659574468085,1.10867744477864,0.146997702532775,0.214278020526164,0.0625982189628077,0.063489783859604,0.0405971712938711,0.190469351578812,0.761547454844007,0.122615803814714,0.0660031430068098,0.00795101557383942,1.09696983141083,0.675258116217526,0.0272393923520168,0.381889763779528,0.0595216723683788,0.937906881946871,0.597014894428688,0.0942902042954426,0.172999171903161,0,0,0,0,0,0,0.174106007220138,0.418356687829141,0,0.234538133047559
"46","Artiodactyl",0.018005540166205,0.140933862051675,1.04614102498855,0.11784986740528,1.04134518920892,0.0657894736842105,0.144578703311632,1.04161488843821,1.01642055519202,0.945834224217804,0.90268459198018,0.156728174178156,0.178597221737899,0.14828897338403,0.200466269297641,0.121673003802281,1.14378673026148,0.0405124653739612,0.126354497011847,0.134831460674157,0.5691201103557,0.902006076732907,0.11046511627907,0.145793650398285,0.115419973231975,0.513699738867354,0.106915343625409,1.02869511124745,0.210526315789474,0.0214681440443213,0.23696682464455,0.98662965718968,0.661606176852943,0.167662697958027,0.0564404432132964,0.184671957171161,0.0599030470914127,0.12270965575189,0.637305114476836,0.174157303370787,0.0512465373961219,0.0839876050335335,1.22080553521376,0.612865983190173,0.0166204986149584,0.270967741935484,0.109345237798713,0.935578001619536,0.818362475252962,0.0910664819944598,0.617125787274119,0.193039613867797,0,0,0,0,0,0.189834598858085,0,0,0
"47","Artiodactyl",0.0215946843853821,0.133566335356433,1.07885339325979,0.135811147715364,1.06954535375143,0.059468438538206,0.153769646586818,1.02994799295921,0.941076788251746,0.95455502911884,0.963283114278226,0.158259271304681,0.176217770176134,0.152091254752852,0.170605739278805,0.102661596958175,0.964580951780184,0.046843853820598,0.0976493376135265,0.0852272727272727,0.50245049941501,0.959270723237204,0.0909090909090909,0.161626489843078,0.103261368510856,0.316679135883288,0.121219867382309,1.47625215054803,0.245810055865922,0.0225913621262458,0.502283105022831,0.988814444696798,0.362039291272353,0.182952207252929,0.0584717607973422,0.199788299944916,0.0664451827242525,0.0909149005367316,0.841367581748114,0.198863636363636,0.0644518272425249,0.03036145328662,1.23452822567651,0.52954317706034,0.0196013289036545,0.232142857142857,0.0954045252545948,0.936424237236432,0.559080751704033,0.087375415282392,0.397979144431914,0.201356911997243,0,0,0,0,0,0.400663943570843,0,0,0
"48","Galloanserae",0.0127458120903132,0.0851722970908344,0.852627426768196,0.167247419742002,1.00299510555921,0.0549890750182083,0.189701934429586,1.14154362507949,1.0648298462593,1.16713318924282,0.880989327389903,0.0913666459701678,0.163375951692419,0.172093023255814,0.0952381140197512,0.0558139534883721,0.907244867207773,0.0422432629278951,0.0720093057222509,0.0087719298245614,0.409153476110364,1.00535686758132,0.0522388059701493,0.120789803147002,0.114595454267668,0.409067299452903,0.081300829041251,1.17133392749509,0.271523178807947,0.0196649672250546,0.226415094339623,0.984657570364511,0.415151135098804,0.197444870528752,0.0586307356154406,0.102206756509001,0.0706482155863074,0.163375951692419,0.650543553048025,0.0657894736842105,0.0407865986890022,0.0527501052333613,1.0116205110555,0.451969007623186,0.0240349599417334,0.125,0.0983352884594179,0.949935881010842,0.354857765617636,0.0782957028404953,0,0.193515181359093,0,0.617139534396413,0,0,0,0,0.189345284244494,0,0
"49","Galloanserae",0.0154929577464789,0.0982597232466775,1.26115322477305,0.130251261047921,1.12925737207192,0.0637323943661972,0.181285380873715,1.17255993437685,1.10648464771169,1.10307592136237,0.830859757260704,0.144723623386579,0.191949226807463,0.143459915611814,0.145485326667561,0.0632911392405063,0.985834939884589,0.0334507042253521,0.0883575805939116,0.0185185185185185,0.352080436647635,0.910615131775606,0.0326797385620915,0.112732085585335,0.127966151204975,0.329558573954321,0.0700767018503437,1.34316388801941,0.204419889502762,0.0267605633802817,0.327014218009479,0.974944114614868,0.320441779659776,0.189664116964517,0.0598591549295775,0.119587415114173,0.0700704225352113,0.160719392287201,0.534574821490394,0.0416666666666667,0.0415492957746479,0.038156152259865,1.17037284955304,0.479660044329059,0.0190140845070422,0.13953488372093,0.0563660427926677,0.92638746357982,0.426848647982676,0.0834507042253521,0,0.211636661397264,0,0.390013533646465,0,0,0,0,0.398349804956271,0,0
"50","Primate",0.0275957226629872,0.126109678312666,1.10342231374158,0.106405041076312,0.91561558869341,0.0924456709210072,0.147390686527929,1.00611409883283,0.925096736358155,0.914434548815325,0.918755488043746,0.0851240328610497,0.266406695435507,0.330097087378641,0.152119799464654,0.087378640776699,0.931517516485934,0.017247326664367,0.182859033553366,0.132596685082873,0.698967094016379,0.839532788467726,0.114285714285714,0.0993113716712246,0.197046372363541,0.570499109139157,0.103252299118495,0.963453115598282,0.190298507462687,0.0234563642635392,0.162361623616236,0.987402304279311,0.690529602478739,0.150543428485745,0.0513970334598137,0.091429516776683,0.0682994135908934,0.109557783034129,0.712309699869509,0.171270718232044,0.0300103483959986,0.091599935310229,0.982051286195946,0.682763946475551,0.03242497412901,0.214285714285714,0.10404048460795,0.995171748357635,0.879794006151205,0.106588478785788,0.223401468662164,0,0,0,0,0,0,0.386993951701912,0,0.389604579635925,0
"51","Rodent",0.0101556101556102,0.134019931276833,0.912444412324444,0.190221837941311,0.99300954488995,0.0563472563472563,0.135592012582133,0.903194766742957,1.16458069385007,1.0041151757319,0.880775185044466,0.134019931276833,0.108473610065706,0.14519056261343,0.0903946750547552,0.127041742286751,1.14011381736216,0.0373464373464373,0.0546298253591781,0.100204498977505,0.658654954066697,0.943480185937206,0.147260273972603,0.175680085867285,0.086464471791505,0.338279707638495,0.0805691668966296,1.20715636578719,0.377906976744186,0.0258804258804259,0.498533724340176,0.996498656838699,0.443106034451383,0.164282496403859,0.0619164619164619,0.17607310619361,0.0473382473382473,0.087250512444155,0.621220038022539,0.206543967280164,0.0676494676494677,0.036225265884885,1.10188216885135,0.806729754056487,0.0157248157248157,0.402390438247012,0.112010793002631,1.10389834713861,0.670406243785393,0.0902538902538903,0,0,0,0,0,0,0,0,0.604808430818755,0.395191569181245,0
"52","Pterobat",0.0166158958737192,0.129119516584533,1.11534277826056,0.173746077616053,1.10761348737895,0.0551093879811686,0.167200848664763,1.02509266070696,1.30183086398272,0.979724910850739,0.711780788026417,0.127929474957025,0.110673871358171,0.115183246073298,0.0886581012492873,0.128272251308901,1.23744421614319,0.0296316809747992,0.0470066442865349,0.0704607046070461,0.601279265624861,0.970719734442386,0.0761904761904762,0.172556035988546,0.0731875600916936,0.281215928560303,0.0636672270716359,1.13736704123866,0.42713567839196,0.0271392965937413,0.408805031446541,0.818410458758831,0.324629751295832,0.175531140057314,0.0578787039601218,0.146970140997141,0.0470783716422044,0.120789225191982,0.511297802395957,0.140921409214092,0.0573248407643312,0.0327871441119588,1.09990915655854,0.721951280551324,0.0185544170589864,0.366141732283465,0.0737825809054472,0.968506634472454,0.713943568361683,0.105787870396012,0,0.197600564573042,0,0,0,0,0,0,0.207038490371229,0,0.59536094505573
"53","Fish",0.0220779220779221,0.151740409945225,1.16007867078413,0.181046497702887,0.935061500766233,0.0605194805194805,0.154345395523684,0.928358841271817,1.25741533806595,1.43289425390482,0.773306014740811,0.124388061371408,0.182348990492116,0.326086956521739,0.154345395523684,0.0733695652173913,1.33273969650996,0.0348051948051948,0.100943191165279,0.187898089171975,0.489684268600596,1.07818743234086,0.123931623931624,0.157601627496757,0.10810690150604,0.457874907830376,0.0950819736137462,0.992429735693634,0.321888412017167,0.0322077922077922,0.293650793650794,0.805443587865252,0.544229726711665,0.18560522246519,0.0618181818181818,0.168672816205207,0.0496103896103896,0.123736814976793,0.613503586659107,0.136942675159236,0.0566233766233766,0.065246027454604,1.09707049382789,0.880140162836236,0.0171428571428571,0.19811320754717,0.0742420889860758,1.08230474157996,0.923045604908253,0.0955844155844156,0,0,0.800361879926144,0,0,0,0,0,0,0,0.199638120073856
"54","Artiodactyl",0.0163973384030418,0.121226581052034,0.893921829281199,0.190424586545255,1.20131167779021,0.0510931558935361,0.16128858423232,1.03296167367718,1.15750296806683,0.901410934744268,0.801374572538169,0.136835153719678,0.120706295296446,0.0881670533642691,0.0972934362949801,0.0719257540603248,1.12181897050318,0.035171102661597,0.0426634319582266,0.112462006079027,0.59941292279314,0.766562454798162,0.130208333333333,0.164410298765849,0.0665965767152805,0.375837108298697,0.0608734334038111,1.17566021348044,0.437209302325581,0.0232889733840304,0.43046357615894,0.86958389763228,0.459684187314839,0.172214585099671,0.0527566539923954,0.162329155743496,0.0415874524714829,0.0671168624708686,0.646747352496218,0.142857142857143,0.0741444866920152,0.0417004426884254,1.16310712524655,0.812135293979208,0.0201996197718631,0.327683615819209,0.0764820060714549,1.05108249594235,0.533966841892438,0.102423954372624,1,0,0,0,0,0,0,0,0,0,0
"55","Rodent",0.014521782674011,0.104033468906163,1.31735338345865,0.0911633490414833,1.12696216055376,0.0671006509764647,0.116903588770843,0.992714028589353,0.798682733177331,0.74310918708352,0.871865851938561,0.16731155824084,0.151760163404352,0.186046511627907,0.130309963629885,0.222222222222222,0.840966928828512,0.0332999499248873,0.0761482091993566,0.164102564102564,0.882457782155234,0.769397251130068,0.0175438596491228,0.191443032987115,0.0943808790076533,0.138981506671644,0.0895545840583983,1.25377202455167,0.391791044776119,0.0225338007010516,0.538071065989848,0.982346558520028,0.242184958871822,0.137817533550948,0.0706059088632949,0.235415942524771,0.0440660991487231,0.0439729095376566,0.607334010152284,0.271794871794872,0.086379569354031,0.0139686179874016,1.25681109160977,0.74300238111705,0.0242864296444667,0.578947368421053,0.139962553528395,0.860958446243437,0.711194229227892,0.0968953430145218,1,0,0,0,0,0,0,0,0,0,0
"56","Rodent",0.029332535169111,0.0785862323538497,1.36426111715687,0.0431870285908544,0.877885064549006,0.104459742592038,0.138764878750942,1.2297083389223,0.923655869041176,0.853580401557854,1.01319155991495,0.0523908215692332,0.260538139695646,0.27536231884058,0.118233340568405,0.0695652173913043,1.05646678664921,0.0230469919185873,0.242130553738888,0.166666666666667,0.706542250207722,0.899808030121787,0.0729166666666667,0.0743383279022903,0.209563286276933,0.646957880673821,0.0892059934827483,0.934529500136575,0.0945558739255014,0.014067644417839,0.0972972972972973,1.09362904644616,0.837260807879509,0.092037929783788,0.038012571086501,0.0828341368054092,0.0655492367554624,0.15150859210562,0.749600127289324,0.080952380952381,0.0269380425022448,0.108523467699064,1.04174433266632,0.470826445221893,0.0359173900029931,0.1,0.101241722762167,0.705219035825128,0.917028774496418,0.103262496258605,0,0,0,0,0,0,0,0.427669440649195,0,0.572330559350805,0
"57","Primate",0.0143240823634736,0.112620594601301,0.976099156772611,0.106795391432268,1.0148286389023,0.0658012533572068,0.16990175909679,0.976867503230451,0.893323913104022,0.857383948662389,0.969518812146724,0.123300133744528,0.183493899824533,0.20855614973262,0.14563007922582,0.0748663101604278,0.875745491649661,0.0389435989256938,0.111649727406462,0.0955414012738854,0.477986659325052,0.860509099802311,0.0693069306930693,0.108737125821946,0.0961158522890411,0.391964330633395,0.0883489147303308,1.38012421006755,0.326530612244898,0.0286481647269472,0.4,1.02837953413493,0.444011513968645,0.16213482153808,0.0501342882721576,0.186406501409049,0.0644583706356312,0.107766258627107,0.807817671246615,0.127388535031847,0.0434198746642793,0.0389070730666871,1.25831613858086,0.497140915375782,0.0129811996418979,0.259259259259259,0.134950540082593,0.857420136851434,0.433419645758056,0.0837063563115488,0,0.194012022194821,0,0.196626316039078,0,0,0,0.198502560940909,0.410859100825192,0,0
"58","Carnivore",0.0108200455580866,0.133595081133334,0.955593963401483,0.174664947064783,1.09851449519217,0.0609339407744875,0.152477778113311,0.964701600168247,1.18329977460049,0.947500358620171,0.893999926856392,0.130762676586338,0.114240316728858,0.125,0.106215170512368,0.159926470588235,1.18210104026706,0.0408124525436598,0.062784967458422,0.152993348115299,0.671685000590607,0.975040973139725,0.119718309859155,0.170888407668788,0.095829687173381,0.386082666405346,0.0939414174753833,1.18048810201462,0.286604361370716,0.0239179954441913,0.40625,0.987143181150032,0.469679175975289,0.162863261452298,0.0588458618071374,0.144452631896821,0.0429005315110099,0.101494496267374,0.668174977168229,0.17960088691796,0.0559984813971147,0.044929996041911,1.13438349533391,0.800812883800436,0.018413059984814,0.272300469483568,0.101966563691873,1.05336388363307,0.643258391286868,0.103264996203493,0.199151852670007,0.221750706305008,0,0,0,0,0,0.19954424434084,0,0.379553196684145,0
"59","Galloanserae",0.0241691842900302,0.0940601672193589,1.39091312712742,0.145009424463178,0.99529143701441,0.0574018126888218,0.183221367396043,1.16104583551525,0.934848297843004,0.955175904111785,1.02016317850942,0.153827565139993,0.181261780578973,0.156756756756757,0.107777274938849,0.135135135135135,0.977478467479781,0.0418644799309452,0.090140993585219,0.0930232558139535,0.4731955963099,0.840677282805886,0.0677966101694915,0.172443639902158,0.100918721079104,0.411010754126108,0.0754440924571941,1.30711317570306,0.308270676691729,0.0250323694432456,0.41726618705036,1.08735756471337,0.426802962437614,0.183221367396043,0.0725075528700906,0.164605292633878,0.0427276650841606,0.0548684308779594,0.84081247047709,0.193798449612403,0.0807078118256366,0.0412280264857251,1.36565973313925,0.487095227514589,0.017695295640915,0.282894736842105,0.0764238858657291,0.876293454493747,0.569791079463122,0.0798446266724212,0,0,0,0.404230666757542,0,0,0,0.396414342629482,0,0.199354990612976,0
"60","Primate",0.0234561991383437,0.11501780568298,1.11696985923035,0.104561641529982,0.987600234596129,0.0751555768310196,0.110370621614981,1.02083312483437,1.02293385946144,1.0778862014826,0.819119319718937,0.101076253478983,0.191696342804967,0.307291666666667,0.245138959586958,0.046875,1.21878310235247,0.0397319291527046,0.184725566702968,0.156716417910448,0.498316064007238,1.01038545767221,0.0603448275862069,0.0975908654279833,0.153357074243974,0.473209304276695,0.0917818853429843,0.934969996353148,0.165605095541401,0.0239348970799426,0.178899082568807,0.926701554208528,0.680094481051044,0.11850319373398,0.0497845859262805,0.0790021291559865,0.0732407850646242,0.132444745937977,0.497591207517305,0.0746268656716418,0.0335088559119196,0.073329576228978,1.304691322594,0.569002336507298,0.0100526567735759,0.253333333333333,0.0801639251729862,0.99710944225203,0.839200225288651,0.0919100047869794,0.369256076462747,0.184202614935194,0,0,0,0,0,0.446541308602059,0,0,0
